t,target,feedback,output
0,0.5,-0.000935091216582805,4.29949643727021
0.01,0.5062830199416763,0.012983315225308802,3.092591679377281
0.02,0.5125650477216688,0.029571681203088673,2.229018910246918
0.03,0.5188450913349673,0.052174765004583595,1.5820368206477524
0.04,0.5251221590898848,0.07642877071915845,1.1088019116083165
0.05,0.5313952597646567,0.10615763908849336,0.7256978506641909
0.06,0.5376634027639664,0.1324914089181618,0.4799498527774466
0.07,0.5439255982753716,0.16176381756073568,0.27452304037702735
0.08,0.5501808574256074,0.19060243726664164,0.1319995066189624
0.09,0.5564281924367408,0.2171934985383181,0.046290865135667485
0.1,0.5626666167821521,0.24441765312214953,-0.021619109508015093
0.11,0.568895145342319,0.2696529375971651,-0.0758187816341984
0.12,0.5751127945603786,0.29127452330856807,-0.08392032018040263
0.13,0.5813185825974418,0.3174640135025906,-0.11613928681103777
0.14,0.5875115294876381,0.3364234546070764,-0.10287821080419338
0.15,0.5936906572928623,0.35834413266060466,-0.11532450534019831
0.16,0.5998549902572035,0.376263267277477,-0.10599092136029081
0.17,0.6060035549610273,0.3946388491495948,-0.08967853938953675
0.18,0.6121353804746906,0.411241774729429,-0.07891554804744419
0.19,0.6182494985118623,0.42844643432892165,-0.07822646324800817
0.2,0.6243449435824274,0.4430248550961652,-0.060469108134761175
0.21,0.6304207531449485,0.45847462882452134,-0.05853183239685894
0.22,0.6364759677586627,0.47357910608032566,-0.05973013107229113
0.23,0.642509631234988,0.4868129960802853,-0.03665763008968471
0.24,0.6485207907885174,0.5000948053337125,-0.03447836804529656
0.25,0.6545084971874737,0.510693076956668,-0.011722509583577165
0.26,0.6604718049036047,0.5247399043379185,-0.015833316367066023
0.27,0.6664097722614933,0.5339267089485741,0.0025892516863538356
0.28,0.6723214615872586,0.5451811734980458,-0.004479089317205219
0.29,0.6782059393566253,0.5541610828827809,0.022302096420661416
0.3,0.684062276342339,0.5665022732779681,0.009159886089201378
0.31,0.6898895477609005,0.5741609546066018,0.02471207549838974
0.32,0.6956868334186013,0.5818703464778672,0.047354323334545846
0.33,0.7014532178568313,0.594001542203825,0.027522403212887
0.34,0.707187790496642,0.6010260305166262,0.046950624676751006
0.35000000000000003,0.7128896457825363,0.6111128060490968,0.03626209242698765
0.36,0.7185578833254664,0.6187005295727123,0.03426169070322019
0.37,0.7241916080450161,0.6263990893132303,0.05071368652116552
0.38,0.7297899303107439,0.6337660634867036,0.05502027442441661
0.39,0.7353519660826663,0.6424946122497946,0.03916117841099369
0.4,0.7408768370508576,0.648226223851623,0.06960806186587316
0.41000000000000003,0.7463636707741458,0.6568610792560231,0.04930578182978399
0.42,0.7518116008178803,0.6647803548713036,0.04490101815993877
0.43,0.7572197668907532,0.6690566118794687,0.07892833481702946
0.44,0.7625873149806479,0.6779101608756245,0.055040141856533525
0.45,0.7679133974894983,0.6822792116847519,0.07737792618302913
0.46,0.7731971733671346,0.6906982453283702,0.05735395412317772
0.47000000000000003,0.7784378082440939,0.6966522645173892,0.0685624334200503
0.48,0.7836344745633783,0.7021002765190694,0.0746746087146512
0.49,0.7887863517111338,0.7100759023789437,0.0698798403837749
0.5,0.7938926261462366,0.7147287295058271,0.07391199467454942
0.51,0.7989524915287594,0.7211416014290881,0.06847244259692509
0.52,0.8039651488473027,0.7267908898850081,0.0743513750757602
0.53,0.8089298065451671,0.7342558603265527,0.059823280386806316
0.54,0.8138456806453502,0.740812544240944,0.05671000544323935
0.55,0.8187119948743449,0.7469881297867988,0.052864131906570716
0.56,0.8235279807847222,0.7523213476673077,0.05916089559909783
0.5700000000000001,0.8282928778764782,0.756964970890659,0.06987415110556229
0.58,0.8330059337171258,0.762014611263952,0.07502791904601101
0.59,0.8376664040605122,0.7670566003128052,0.06905346784237575
0.6,0.8422735529643444,0.7732199372255286,0.07024888567917371
0.61,0.8468266529064025,0.7805492702953916,0.04414778480304329
0.62,0.8513249848994245,0.784857708834545,0.06916493923749278
0.63,0.8557678386046427,0.7888688236908774,0.0718187561205604
0.64,0.8601545124439535,0.7962295923360161,0.047233840206073165
0.65,0.8644843137107058,0.7992845389399902,0.07611697397397935
0.66,0.868756558679087,0.8056163171986,0.05879609895019772
0.67,0.8729705727120911,0.8102488394750424,0.05649432807573429
0.68,0.8771256903680519,0.8158818168306298,0.05219963425020239
0.6900000000000001,0.8812212555057239,0.8216705610800066,0.04593421162776526
0.7000000000000001,0.8852566213878946,0.8246344564708584,0.06316462463800265
0.71,0.8892311507835117,0.8317126199565451,0.0487513155489477
0.72,0.8931442160683094,0.8351885817458323,0.06250470937924285
0.73,0.8969951993239176,0.8411639004930287,0.03653695533938591
0.74,0.9007834924354383,0.846416718836748,0.03964020940340085
0.75,0.9045084971874737,0.8519981743231426,0.03339107750711072
0.76,0.908169625358592,0.8546746721277064,0.04859016821317254
0.77,0.9117662988142137,0.8591556704599781,0.05682406669136009
0.78,0.9152979495979063,0.8641003358815139,0.03969199699695925
0.79,0.9187640200210709,0.8686908239021542,0.0373998739392679
0.8,0.9221639627510075,0.8716164285571065,0.04730026887851335
0.81,0.9254972408973459,0.8772512541572167,0.039749712159376824
0.8200000000000001,0.9287633280968262,0.8810082234468162,0.042191188241118005
0.8300000000000001,0.9319617085964177,0.8848706450190286,0.04390376646072276
0.84,0.9350918773347628,0.8878234493416292,0.050472498182931896
0.85,0.9381533400219317,0.8921711209915187,0.04033758179168602
0.86,0.9411456132174767,0.8954379330896821,0.04880533145605309
0.87,0.9440682244067722,0.9002812659013838,0.039037469876198175
0.88,0.9469207120756319,0.9035479611758427,0.042989956880336494
0.89,0.9497026257831855,0.9087350290294067,0.019542504409842603
0.9,0.9524135262330098,0.910416097048186,0.04706648997747462
0.91,0.9550529853424978,0.91602016489837,0.029062653833285032
0.92,0.9576205863104588,0.917415082238321,0.04275470289107359
0.93,0.9601159236829352,0.9233913377347991,0.012828150043530325
0.9400000000000001,0.962538603417229,0.9255030228901728,0.022867179636862935
0.9500000000000001,0.9648882429441257,0.930887525607727,0.009398250046011223
0.96,0.9671644712283061,0.9314754931459603,0.03966777124925116
0.97,0.9693669288269371,0.9360615421673638,0.023404120802819086
0.98,0.9714952679464322,0.9394092591530693,0.011289312608128564
0.99,0.9735491524973721,0.9431597750590116,0.01009787641696018
1,0.9755282581475768,0.9445021123391901,0.02928558217600981
1.01,0.9774322723733215,0.9492920511018185,0.013768506721056378
1.02,0.9792608945086879,0.9512258784775142,0.015994006690272115
1.03,0.9810138357930429,0.9539424561841912,0.024894277650017227
1.04,0.9826908194166369,0.9575420154175852,0.010606366332504828
1.05,0.9842915805643155,0.9582604074170905,0.02290021427129878
1.06,0.985815866457337,0.959438557829218,0.03271904689068233
1.07,0.9872634363932886,0.9654993471328538,-0.0065869173185142335
1.08,0.9886340617840967,0.9657622763782685,0.01680087332041626
1.09,0.9899275261921234,0.9684627591522375,0.0014554236242269314
1.1,0.9911436253643444,0.9692897553228441,0.019920717264733413
1.11,0.9922821672646027,0.9724777102129293,-0.0002399726009130257
1.12,0.993342972103934,0.9742989838455969,0.015031546132917926
1.1300000000000001,0.994325872368957,0.9761799902696662,0.0030589171701389806
1.1400000000000001,0.9952307128483255,0.9785942492587252,0.00025486921036452226
1.1500000000000001,0.996057350657239,0.9815617155407007,-0.016613451505107367
1.16,0.9968056552600042,0.9832509479345681,-0.010027577168344431
1.17,0.9974755084906501,0.9852756491575909,-0.0021047141169319647
1.18,0.9980668045715863,0.9861218474147202,-0.0011911989260882314
1.19,0.9985794501303069,0.9875508695894991,0.0006315812898241568
1.2,0.9990133642141358,0.9883786237806402,0.009215409720351047
1.21,0.9993684783030088,0.9909228130246683,-0.006325217315190403
1.22,0.9996447363202946,0.9908922393044827,-0.0015159133358907534
1.23,0.99984209464165,0.9943373428683435,-0.023883580086633167
1.24,0.9999605221019081,0.995373852772379,-0.015056021608568247
1.25,1,0.9968274803871066,-0.02041155482415722
1.26,0.9999605221019081,0.996492531675681,-0.008235791635536713
1.27,0.99984209464165,0.9967320517936097,0.0043860139643570085
1.28,0.9996447363202946,0.9982270021832877,-0.017034175088079695
1.29,0.9993684783030088,0.9991564577982167,-0.0184578752937897
1.3,0.9990133642141358,1.000920287526038,-0.03577000577062525
1.31,0.9985794501303069,1.0003937824928386,-0.01707379666620515
1.32,0.9980668045715863,1.000540023458933,-0.007458002118852634
1.33,0.9974755084906501,1.002912318059664,-0.03126671664779891
1.34,0.9968056552600042,1.0040631002341864,-0.03794425797029992
1.35,0.9960573506572389,1.0048666865285265,-0.040743893744387236
1.36,0.9952307128483255,1.0012660336400758,0.0020283782263049097
1.37,0.994325872368957,1.0028048376154595,-0.026959581162780737
1.3800000000000001,0.993342972103934,1.0042338362479877,-0.031245905292176655
1.3900000000000001,0.9922821672646027,1.0056933888576334,-0.045592803233698874
1.4000000000000001,0.9911436253643443,1.0041946216761743,-0.03335705452746152
1.41,0.9899275261921234,1.0042817814509686,-0.03447392375554639
1.42,0.9886340617840967,1.0046950869549087,-0.0421257249106245
1.43,0.9872634363932886,1.0028338555812537,-0.019176661177453272
1.44,0.985815866457337,1.00457285550447,-0.04369679165344531
1.45,0.9842915805643155,1.0029823075047473,-0.04778796960573266
1.46,0.9826908194166369,1.0024298624892396,-0.04026677440524393
1.47,0.9810138357930429,1.001156263420682,-0.04004798967367199
1.48,0.979260894508688,0.9993402482282066,-0.015640852398012092
1.49,0.9774322723733215,0.9985268480378923,-0.035880536552944764
1.5,0.9755282581475768,0.9997180421289389,-0.053387956038198306
1.51,0.9735491524973721,0.9977702974699546,-0.046325740584944236
1.52,0.9714952679464323,0.9970659542213716,-0.05157607800575656
1.53,0.9693669288269371,0.9971548749218292,-0.05631750960590297
1.54,0.9671644712283061,0.995441469812873,-0.04377609426571762
1.55,0.9648882429441257,0.9945703035395872,-0.055018000873354164
1.56,0.962538603417229,0.9914308992625306,-0.04538743851903826
1.57,0.9601159236829352,0.989227795183643,-0.028262941407789868
1.58,0.9576205863104588,0.9894130067300188,-0.05287356457031142
1.59,0.9550529853424978,0.987244732435814,-0.0502007063345057
1.6,0.9524135262330098,0.9874287040521678,-0.0705828974096418
1.61,0.9497026257831855,0.9858721324304143,-0.07467749197661717
1.62,0.946920712075632,0.9828675342351672,-0.05146978716019228
1.6300000000000001,0.9440682244067723,0.982284322773754,-0.07750889337567075
1.6400000000000001,0.9411456132174767,0.9789328815979703,-0.049820843294925754
1.6500000000000001,0.9381533400219317,0.9782183096444501,-0.06655539100859542
1.6600000000000001,0.9350918773347627,0.974763616231941,-0.056713328545735395
1.67,0.9319617085964177,0.9742603475107642,-0.06212457957126012
1.68,0.9287633280968262,0.9716263848311162,-0.06839829647241649
1.69,0.925497240897346,0.9674004753228492,-0.05074016392061171
1.7,0.9221639627510076,0.9680200033796029,-0.0801701890022832
1.71,0.9187640200210709,0.9647069333791428,-0.07746471048231271
1.72,0.9152979495979063,0.9621309387887872,-0.06578704986153526
1.73,0.9117662988142138,0.9590028775474799,-0.05722228073218351
1.74,0.908169625358592,0.956026873252793,-0.06271036570937377
1.75,0.9045084971874737,0.9531061060841893,-0.06357809721988306
1.76,0.9007834924354383,0.9504096963051099,-0.07603362051587222
1.77,0.8969951993239176,0.9484911758703058,-0.08817173347106307
1.78,0.8931442160683095,0.9453708207299514,-0.07481348169145202
1.79,0.8892311507835118,0.9426426979832466,-0.08290783529548129
1.8,0.8852566213878946,0.9401702102420668,-0.0830147122640745
1.81,0.8812212555057239,0.9369081668574887,-0.07799309247121311
1.82,0.877125690368052,0.9331902390773387,-0.06903062756735451
1.83,0.8729705727120911,0.9301005938836702,-0.06969452340461241
1.84,0.868756558679087,0.9261651513658977,-0.07751608368731008
1.85,0.8644843137107057,0.9236488479911414,-0.08565824374022249
1.86,0.8601545124439534,0.9191636741917086,-0.07287081836962887
1.87,0.8557678386046428,0.9168223778707347,-0.08871183693252861
1.8800000000000001,0.8513249848994247,0.9137363071230663,-0.08580006509237408
1.8900000000000001,0.8468266529064025,0.9088027255229983,-0.07826815894155997
1.9000000000000001,0.8422735529643443,0.905478354743619,-0.08761013894657001
1.9100000000000001,0.8376664040605122,0.9008207639854944,-0.07759896606960784
1.92,0.8330059337171258,0.897966115735999,-0.10009055926355304
1.93,0.8282928778764782,0.8937463853494402,-0.09160814068742024
1.94,0.8235279807847222,0.8906835202473379,-0.08695103375540254
1.95,0.8187119948743449,0.8861343529772927,-0.0871236044120282
1.96,0.8138456806453502,0.8821738470193934,-0.09604949929943177
1.97,0.8089298065451671,0.8749995397844542,-0.06793674054562915
1.98,0.8039651488473027,0.873576216857173,-0.09384525740201749
1.99,0.7989524915287596,0.8687986797861775,-0.09214661624778053
2,0.7938926261462367,0.8626998298130596,-0.0805747861570261
2.0100000000000002,0.7887863517111338,0.8579391629010272,-0.08227037372195731
2.02,0.7836344745633782,0.855521182764368,-0.10411888635786065
2.0300000000000002,0.7784378082440939,0.8522273064637873,-0.09866200789471025
2.04,0.7731971733671346,0.8473364541974923,-0.09814405003189819
2.05,0.7679133974894985,0.8425312962661635,-0.10330038061699873
2.06,0.7625873149806478,0.8363478826568969,-0.09104238875877875
2.07,0.7572197668907533,0.8335048010344343,-0.10936701028175741
2.08,0.7518116008178805,0.8283460817737381,-0.09881943318172534
2.09,0.746363670774146,0.8216436314257273,-0.0824060258400358
2.1,0.7408768370508576,0.8159621930235478,-0.08090278575883036
2.11,0.7353519660826664,0.814345381102275,-0.11052091075251687
2.12,0.729789930310744,0.8090443721620199,-0.0998837267812821
2.13,0.7241916080450161,0.8030931916367254,-0.10195295802241831
2.14,0.7185578833254664,0.797747868760983,-0.09197053340102633
2.15,0.7128896457825364,0.7942753467334807,-0.1074723020798016
2.16,0.7071877904966419,0.7889423753854776,-0.10138207470961051
2.17,0.7014532178568313,0.7832295931130869,-0.10957204092626133
2.18,0.6956868334186012,0.7775163794493061,-0.09917100991162288
2.19,0.6898895477609007,0.7732719000421634,-0.10115897412174646
2.2,0.6840622763423388,0.7663642757048978,-0.09598157014296256
2.21,0.6782059393566254,0.761736657147762,-0.1051752191493665
2.22,0.6723214615872586,0.7542562453657716,-0.08922292815590846
2.23,0.6664097722614934,0.7505732001088937,-0.10608360772298774
2.24,0.6604718049036047,0.745529547451095,-0.11024964735202553
2.25,0.6545084971874737,0.7391413368429193,-0.0947933371618178
2.2600000000000002,0.6485207907885174,0.7364458197292951,-0.12201708274716797
2.27,0.642509631234988,0.7298981496511778,-0.11650380354696309
2.2800000000000002,0.6364759677586626,0.7230267408722352,-0.09263598634638046
2.29,0.6304207531449485,0.7170801374054315,-0.10203015973319306
2.3000000000000003,0.6243449435824272,0.7123307530151055,-0.104571033469937
2.31,0.6182494985118623,0.7065483248879519,-0.10388630730345844
2.32,0.6121353804746907,0.6999720133631113,-0.1059268486415946
2.33,0.6060035549610274,0.6952595988469221,-0.11292463061011135
2.34,0.5998549902572038,0.6900709434200387,-0.11319922871334671
2.35,0.5936906572928623,0.6841772597509301,-0.11077625287674384
2.36,0.5875115294876382,0.6774399309648819,-0.0996168865078102
2.37,0.5813185825974418,0.6723999745572373,-0.11395120219157229
2.38,0.5751127945603786,0.6643603266026057,-0.09104875124917938
2.39,0.568895145342319,0.660104212980159,-0.10670958422848506
2.4,0.5626666167821522,0.653062422667135,-0.09503810046554707
2.41,0.5564281924367407,0.6478738929310212,-0.10968308080554912
2.42,0.5501808574256075,0.6412982482279058,-0.11172718160545153
2.43,0.5439255982753716,0.6349986234921019,-0.10044034867773861
2.44,0.5376634027639665,0.6295119770530179,-0.10871485138342166
2.45,0.5313952597646565,0.6214567081085625,-0.08914832096669047
2.46,0.5251221590898848,0.6157591424047195,-0.0933201266257019
2.47,0.5188450913349673,0.6088480495837292,-0.09310529085453995
2.48,0.5125650477216689,0.6034197503547598,-0.09804476783921728
2.49,0.5062830199416762,0.5975613178602914,-0.10263836621670973
2.5,0.5000000000000001,0.5929781196537172,-0.12244501090055669
2.5100000000000002,0.4937169800583237,0.585319111702512,-0.10550151944705352
2.52,0.4874349522783312,0.5787114056665127,-0.10664183172897339
2.5300000000000002,0.48115490866503263,0.5734552956707302,-0.10439550431701713
2.54,0.4748778409101153,0.5663261715096948,-0.10419813109520602
2.5500000000000003,0.4686047402353431,0.5622323290303936,-0.11954111678834373
2.56,0.4623365972360336,0.5541587097068194,-0.09067209454000649
2.57,0.45607440172462854,0.5485490879816362,-0.09899250155967299
2.58,0.44981914257439265,0.5421783051403878,-0.09468330112714447
2.59,0.4435718075632594,0.5354044223703005,-0.1039110244336091
2.6,0.43733338321784787,0.5283916375281748,-0.08950378411696137
2.61,0.4311048546576811,0.5244132533847747,-0.11427072178122759
2.62,0.42488720543962155,0.5172821163455913,-0.11294111663332462
2.63,0.41868141740255826,0.5101130944381919,-0.09607929604117925
2.64,0.4124884705123619,0.5055092461780808,-0.10718300857697566
2.65,0.4063093427071378,0.4970946466574331,-0.09203192665650768
2.66,0.4001450097427964,0.49230309205142136,-0.10697850118765091
2.67,0.39399644503897274,0.4861959622121711,-0.10205361762128674
2.68,0.3878646195253094,0.48021944540819533,-0.10977827586459016
2.69,0.38175050148813783,0.4745307829983171,-0.10921558825705348
2.7,0.37565505641757246,0.46718839105049287,-0.08500220745263287
2.71,0.3695792468550516,0.46128644376389627,-0.10013772455022331
2.72,0.3635240322413374,0.45520146531078914,-0.0986406330922601
2.73,0.3574903687650121,0.44811942288850115,-0.0968625242952182
2.74,0.35147920921148246,0.4439166023102727,-0.11112214753734882
2.75,0.3454915028125264,0.43499597475054547,-0.08168636948034275
2.7600000000000002,0.33952819509639526,0.4308600952472038,-0.10508856450021387
2.77,0.33359022773850666,0.4223039903140203,-0.07472015801965218
2.7800000000000002,0.3276785384127414,0.41557333216830195,-0.08454226182754501
2.79,0.3217940606433747,0.410300930651688,-0.09312768614581265
2.8000000000000003,0.3159377236576608,0.40316518181519223,-0.07844555348796012
2.81,0.3101104522390994,0.3973961995293819,-0.0906355028539947
2.82,0.30431316658139895,0.3905479022784347,-0.08419488294605192
2.83,0.29854678214316877,0.3864855971410407,-0.09805496114146911
2.84,0.2928122095033582,0.37995454131972445,-0.1018921405766896
2.85,0.28711035421746367,0.3749536317985525,-0.09799787651116822
2.86,0.28144211667453367,0.3655677472659143,-0.06994171931410068
2.87,0.27580839195498397,0.3608428633601662,-0.0842032280836975
2.88,0.2702100696892561,0.3552656053551604,-0.08827733415712508
2.89,0.2646480339173337,0.3497463166663979,-0.09283824120885578
2.9,0.2591231629491425,0.3431705359099695,-0.08810298913841827
2.91,0.2536363292258541,0.3373665885808119,-0.08388043381380207
2.92,0.2481883991821196,0.331446895212634,-0.08515085918312429
2.93,0.2427802331092468,0.3267767191795753,-0.08945657379955317
2.94,0.2374126850193523,0.3199760122403503,-0.08495973911550878
2.95,0.23208660251050162,0.31302021722530265,-0.07669491973286771
2.96,0.2268028266328655,0.307925471164011,-0.07926160788944998
2.97,0.22156219175590602,0.3052835739367197,-0.10320092334838218
2.98,0.2163655254366219,0.2961985613191496,-0.06910155758671262
2.99,0.21121364828886613,0.29258060782784406,-0.09058725144511486
3,0.2061073738537635,0.28737494450138684,-0.08531961943285798
3.0100000000000002,0.2010475084712406,0.2802679579339055,-0.06558131074541819
3.02,0.19603485115269725,0.27500798571095825,-0.0806173492353194
3.0300000000000002,0.19107019345483278,0.2681658980476417,-0.0637151430016404
3.04,0.18615431935464982,0.2640077852408411,-0.07624231478162391
3.0500000000000003,0.18128800512565502,0.2579625976641877,-0.0692951459834168
3.06,0.17647201921527783,0.2527949184591675,-0.0776222189700358
3.0700000000000003,0.17170712212352174,0.24683761207718477,-0.0628971387456033
3.08,0.16699406628287428,0.24221329698081107,-0.0786547156014619
3.09,0.16233359593948798,0.23553427618084632,-0.05560638717950151
3.1,0.15772644703565564,0.23099538716833545,-0.06739546606425266
3.11,0.15317334709359764,0.22446340047762162,-0.05655167896013392
3.12,0.14867501510057546,0.2212834077962358,-0.07341316626004989
3.13,0.14423216139535733,0.2151555937029372,-0.06424846014845531
3.14,0.13984548755604653,0.21110869823375503,-0.07418192657114898
3.15,0.13551568628929433,0.20401244973134672,-0.04604657659340915
3.16,0.13124344132091298,0.19890488040942866,-0.05437436564759439
3.17,0.12702942728790895,0.19280793380016714,-0.04091091940030206
3.18,0.12287430963194812,0.18955876214727763,-0.05707953109050165
3.19,0.11877874449427606,0.18492686340951772,-0.07181415856454369
3.2,0.11474337861210532,0.18126380913155538,-0.06299166003071827
3.21,0.11076884921648844,0.17527201074524001,-0.0537976728983435
3.22,0.10685578393169043,0.1692726036821972,-0.0493480022552031
3.23,0.10300480067608242,0.1652050949324597,-0.04579692133461065
3.24,0.0992165075645618,0.1603314141566101,-0.04778131244745249
3.25,0.09549150281252633,0.15722801520657406,-0.06168520885382316
3.2600000000000002,0.09183037464140803,0.15342088936177298,-0.058709731673890646
3.27,0.08823370118578627,0.1482552393506045,-0.055812125924890904
3.2800000000000002,0.08470205040209366,0.14328342559472912,-0.045654294743300475
3.29,0.08123597997892906,0.13903386736380485,-0.04604364399552422
3.3000000000000003,0.07783603724899235,0.13548914227295977,-0.041437018688909644
3.31,0.07450275910265419,0.13160102329162443,-0.05317969226491512
3.3200000000000003,0.07123667190317373,0.1268951378115215,-0.04135496936195078
3.33,0.06803829140358242,0.12340192635914857,-0.046665906228568324
3.34,0.06490812266523721,0.1183745174686756,-0.038364660245932436
3.35,0.06184665997806821,0.11429056220089397,-0.03311887021128651
3.36,0.058854386782523305,0.11105742755565033,-0.048547863483065695
3.37,0.055931775593227706,0.10708401194127296,-0.0404291336415525
3.38,0.053079287924368224,0.10281491348979312,-0.03596159611833118
3.39,0.05029737421681457,0.1006758690334159,-0.046248459055080064
3.4,0.04758647376699032,0.09612264338512753,-0.031918128143378036
3.41,0.04494701465750223,0.09222451824878378,-0.02977252802522703
3.42,0.042379413689541234,0.08876657689773314,-0.036102576017777596
3.43,0.03988407631706481,0.08388829073778123,-0.013058673103434048
3.44,0.03746139658277098,0.0811965311606315,-0.026109315940856113
3.45,0.03511175705587427,0.07740757430826525,-0.019809770477548352
3.46,0.0328355287716941,0.07551225733802652,-0.032516020561914494
3.47,0.03063307117306291,0.07331284845021231,-0.033273626430447796
3.48,0.02850473205356785,0.06844945575293501,-0.013432383913673289
3.49,0.026450847502627883,0.0633861494873601,-0.0036883393907523113
3.5,0.024471741852423234,0.0631068330942523,-0.030346728704940644
3.5100000000000002,0.022567727626678524,0.05996156557674846,-0.02613155008648712
3.52,0.020739105491312027,0.05557837300918528,-0.00348501592549123
3.5300000000000002,0.018986164206957035,0.05265882528381674,-0.01555985064847805
3.54,0.017309180583363004,0.05117061485644893,-0.02674429555471459
3.5500000000000003,0.015708419435684406,0.048771921217303775,-0.026195085411667453
3.56,0.014184133542663069,0.04710945111309854,-0.02171194965524293
3.5700000000000003,0.012736563606711382,0.042073767086901054,0.0013999848286832678
3.58,0.011365938215903315,0.04139131397383031,-0.014776566134199486
3.59,0.01007247380787657,0.03924986141563172,-0.01886060132269004
3.6,0.00885637463565564,0.03584645981906642,-0.0035680132159611033
3.61,0.007717832735397279,0.03558361868473158,-0.0073006843314790525
3.62,0.006657027896065926,0.03130620191088415,0.005793238326267023
3.63,0.005674127631043024,0.030499940150505445,-0.008405977290953007
3.64,0.004769287151674406,0.027227604259569438,0.0034403717512885706
3.65,0.0039426493427611176,0.025679607417542116,-0.006304899702047617
3.66,0.0031943447399958025,0.0235920582682766,0.006283587028913209
3.67,0.002524491509349913,0.020570069176158588,0.022156039353938055
3.68,0.0019331954284137476,0.0210820011391139,-0.01428444522279557
3.69,0.001420549869693033,0.020176928582724362,-0.008285977256572265
3.7,0.0009866357858642205,0.015772359360057314,0.01680071135311526
3.71,0.0006315216969912663,0.01555165378412776,0.010897714676927354
3.72,0.0003552636797053421,0.012115343496458125,0.020845508347078934
3.73,0.00015790535835003006,0.012482460166879575,0.012198973667726088
3.74,0.00003947789809194413,0.0107298771193356,0.01915111466251164
3.75,0,0.010308311790125976,0.009286243580122706
3.7600000000000002,0.00003947789809194413,0.007585619758041829,0.03445686869098288
3.77,0.00015790535835003006,0.00984048456511716,-0.007653239136206372
3.7800000000000002,0.00035526367970539763,0.007462447653047997,0.010300997120082851
3.79,0.0006315216969912663,0.008168685612898158,0.006314495699930218
3.8000000000000003,0.0009866357858642205,0.005754564464708865,0.02811470161517442
3.81,0.001420549869693033,0.0033909318243084655,0.03432982161273963
3.8200000000000003,0.001933195428413803,0.005635539581976906,0.015229380510008652
3.83,0.002524491509349913,0.004234445519188624,0.01691621204382715
3.84,0.0031943447399958025,0.004400667017017574,0.016975278007628363
3.85,0.003942649342761062,0.003952075607490099,0.02135637240521865
3.86,0.004769287151674406,0.00390275010978658,0.023764005058386245
3.87,0.005674127631043024,0.0023479135352762934,0.02983345404591353
3.88,0.006657027896065926,0.00257645693821407,0.03860877371126101
3.89,0.007717832735397279,0.0028667001039008565,0.031475080014546054
3.9,0.00885637463565564,0.0031505599919239504,0.02583044564441854
3.91,0.01007247380787657,0.0030563357429127893,0.035264939021184744
3.92,0.01136593821590326,0.0015913836427618468,0.04745279726461208
3.93,0.012736563606711437,0.0019677267905508456,0.043512817062148955
3.94,0.014184133542663013,0.0029509917994193203,0.03926931194752696
3.95,0.015708419435684462,0.00489038378563323,0.020775306867361745
3.96,0.01730918058336295,0.003371650622216822,0.04290528577613551
3.97,0.01898616420695709,0.005605110230163963,0.032047650309815684
3.98,0.02073910549131197,0.005745067335144191,0.043793570694852804
3.99,0.02256772762667847,0.0047815547442155455,0.05609307006332254
4,0.02447174185242318,0.0075729449565161665,0.040761499080579994
4.01,0.026450847502627828,0.010623426518254,0.021000052666308354
4.0200000000000005,0.028504732053567794,0.008063388689259687,0.060319953975772
4.03,0.030633071173062965,0.010963103616952618,0.04001893817329456
4.04,0.032835528771694045,0.011760527973341693,0.04593970490458257
4.05,0.035111757055874215,0.01201052000732961,0.049770838835805506
4.0600000000000005,0.037461396582771034,0.01381869362479055,0.06228317437384348
4.07,0.03988407631706492,0.0159477865579704,0.04535112131082108
4.08,0.04237941368954118,0.015205822083732258,0.06604014838226184
4.09,0.044947014657502116,0.019782827419698203,0.033550306699435414
4.1,0.047586473766990045,0.0201658903299867,0.053257393929711745
4.11,0.05029737421681452,0.019806421515972113,0.07416624328028243
4.12,0.05307928792436817,0.02521370855460907,0.031082688434299836
4.13,0.055931775593227595,0.024427557359368832,0.07824035614208279
4.14,0.05885438678252325,0.027120578697095617,0.05722060108325547
4.15,0.06184665997806832,0.028180108551560695,0.06277747392016965
4.16,0.0649081226652371,0.0317838442339644,0.058697609751826564
4.17,0.06803829140358231,0.033118866618752255,0.058271353890215996
4.18,0.07123667190317362,0.032491183989407826,0.08696105544809608
4.19,0.07450275910265408,0.03810944868215218,0.057161089459534596
4.2,0.07783603724899252,0.03703839856741929,0.09305078853668147
4.21,0.08123597997892895,0.04208623755434777,0.06308893658396804
4.22,0.08470205040209355,0.04258531596938797,0.08325806189281852
4.23,0.08823370118578644,0.04716206742765629,0.06083444573889425
4.24,0.09183037464140792,0.048632339917803906,0.06633659915215019
4.25,0.09549150281252622,0.05296869893589424,0.06526956976730505
4.26,0.09921650756456168,0.052919205793689084,0.07870381496812351
4.2700000000000005,0.10300480067608231,0.05718136372058725,0.07692645950728212
4.28,0.1068557839316906,0.05890385021300367,0.08473668357373701
4.29,0.11076884921648839,0.06208448662606912,0.08123781507763649
4.3,0.1147433786121052,0.06824238605140433,0.056791403819067277
4.3100000000000005,0.11877874449427622,0.07093247854080684,0.060086002178760714
4.32,0.12287430963194823,0.0742552516177253,0.07205518852242437
4.33,0.12702942728790884,0.07789536806062954,0.06779523507918095
4.34,0.13124344132091298,0.08010214940233167,0.07651180666190806
4.3500000000000005,0.13551568628929456,0.08236312483177978,0.09440175110465791
4.36,0.1398454875560466,0.08682590250480371,0.07970458715254582
4.37,0.14423216139535738,0.08911883618678858,0.08569420756680006
4.38,0.14867501510057518,0.09602515309949623,0.05507660245083329
4.39,0.1531733470935973,0.09651738296304309,0.10100307180442038
4.4,0.15772644703565586,0.10063664842559789,0.08972037820196638
4.41,0.16233359593948765,0.10487027646909582,0.08905322960521823
4.42,0.1669940662828741,0.10740968164919429,0.09062040579703005
4.43,0.1717071221235214,0.11228356130554466,0.09021492203671892
4.44,0.17647201921527783,0.11608819394418983,0.08574213550456518
4.45,0.18128800512565518,0.11932803215592355,0.10554162449338386
4.46,0.1861543193546495,0.12303994953988605,0.09504696429566589
4.47,0.19107019345483262,0.12805463216776394,0.08870039093023126
4.48,0.19603485115269748,0.13383843280027102,0.07505921472958896
4.49,0.20104750847124042,0.13614281716689683,0.10509513478414793
4.5,0.20610737385376332,0.14195685252773682,0.08551910307105288
4.51,0.21121364828886613,0.14605934280480246,0.08372266710693672
4.5200000000000005,0.21636552543662174,0.15069490917314862,0.08310375050436171
4.53,0.22156219175590602,0.1561240560944254,0.0747804383351369
4.54,0.22680282663286555,0.1593723425163007,0.0949921951552344
4.55,0.23208660251050145,0.16252058745704,0.1166819869514596
4.5600000000000005,0.2374126850193523,0.16850001936368844,0.08820652457860727
4.57,0.242780233109247,0.17292848201361286,0.10604290521971683
4.58,0.2481883991821195,0.17962615504155488,0.07867245743618712
4.59,0.25363632922585416,0.1818844350631592,0.1121848481632371
4.6000000000000005,0.2591231629491427,0.1874528707600908,0.10599471578126284
4.61,0.2646480339173337,0.19395085782556568,0.08993515764815553
4.62,0.27021006968925615,0.19813945989744333,0.09437885288761343
4.63,0.27580839195498363,0.20457384675220908,0.0916302609713108
4.64,0.28144211667453334,0.20846377914985015,0.09163879948878755
4.65,0.2871103542174639,0.21327958944512396,0.09875178375728197
4.66,0.2928122095033578,0.21818038234882187,0.10285486933715753
4.67,0.29854678214316854,0.22328123820767656,0.09581030481384151
4.68,0.30431316658139834,0.2270180419806065,0.11569473684537536
4.69,0.31011045223909944,0.23181721699567204,0.11892711840216072
4.7,0.31593772365766104,0.23880193799484897,0.095167954206635
4.71,0.32179406064337435,0.24329840903956473,0.1091478681807324
4.72,0.3276785384127412,0.24995152681017033,0.10032148013012565
4.73,0.3335902277385069,0.25609312973741016,0.09194678153531197
4.74,0.3395281950963951,0.2600714179623222,0.10623611124226465
4.75,0.34549150281252616,0.264468497924017,0.12285939386175485
4.76,0.35147920921148246,0.2725529504577034,0.09009177284732675
4.7700000000000005,0.35749036876501195,0.2754559332698553,0.11951222403560494
4.78,0.36352403224133745,0.28310090200201854,0.08867817601824433
4.79,0.3695792468550516,0.2859544914465023,0.12274816477533462
4.8,0.37565505641757235,0.29426909697844694,0.1007476107609779
4.8100000000000005,0.38175050148813783,0.2985685469254369,0.11146490721137343
4.82,0.38786461952530965,0.30469920057316086,0.10562919282710505
4.83,0.3939964450389726,0.3118125255317434,0.08419795657810789
4.84,0.40014500974279643,0.317448858196817,0.10060573196609628
4.8500000000000005,0.4063093427071381,0.323538417566811,0.10138027452005986
4.86,0.412488470512362,0.3279405299036811,0.11477913491684166
4.87,0.41868141740255826,0.33569033011700405,0.10314698812004287
4.88,0.42488720543962116,0.3407524420843327,0.10105001512946254
4.89,0.4311048546576807,0.3485040421168456,0.09368149451330772
4.9,0.4373333832178481,0.3517777904635433,0.11332825783186093
4.91,0.443571807563259,0.3580773317143682,0.10498643524971804
4.92,0.4498191425743925,0.3655438227318064,0.10228388163571848
4.93,0.45607440172462793,0.37129720204969097,0.10533527159658973
4.94,0.46233659723603365,0.37634678412083744,0.11259946217819364
4.95,0.4686047402353434,0.38145045483217,0.11464164815635319
4.96,0.47487784091011487,0.3898184157088516,0.09573302685605015
4.97,0.48115490866503247,0.39639599455901375,0.09548928126508635
4.98,0.4874349522783315,0.401006430474481,0.11112145924598484
4.99,0.49371698005832354,0.40757949397964,0.09968309095734394
5,0.4999999999999999,0.4146295268625648,0.09847392883959882
5.01,0.5062830199416762,0.4208223363506811,0.09628221591693797
5.0200000000000005,0.5125650477216688,0.4262942585556783,0.10634877139487028
5.03,0.5188450913349673,0.4318163237617524,0.11102663550436453
5.04,0.5251221590898849,0.4373084328045401,0.11277542596141593
5.05,0.5313952597646564,0.44642328365037703,0.0855852946219779
5.0600000000000005,0.5376634027639665,0.45118712054973625,0.10411509331130299
5.07,0.5439255982753718,0.4576082139698145,0.10096122040004829
5.08,0.5501808574256073,0.465024012463024,0.0912455597737994
5.09,0.5564281924367408,0.4706567446659872,0.10292188122593525
5.1000000000000005,0.5626666167821526,0.4776724909775301,0.09498084926695273
5.11,0.568895145342319,0.48105291090639807,0.11682399111821591
5.12,0.5751127945603786,0.49006519711587315,0.08983959454388916
5.13,0.5813185825974415,0.4932234736291064,0.12400557004718103
5.14,0.5875115294876377,0.4986411181994611,0.12383763163106798
5.15,0.5936906572928625,0.5084642811495285,0.08372245546357235
5.16,0.5998549902572033,0.5147682421132158,0.08616504408589248
5.17,0.6060035549610272,0.5181560179249141,0.12199683925424518
5.18,0.6121353804746901,0.5275630715697011,0.08176387211981523
5.19,0.6182494985118623,0.5333803639084476,0.0901255693371637
5.2,0.6243449435824274,0.5388562319410852,0.09779986942249165
5.21,0.6304207531449482,0.5440409632495171,0.10739581637147586
5.22,0.6364759677586623,0.5499358989972604,0.10978997135914019
5.23,0.6425096312349883,0.5564865673161643,0.10930296853547776
5.24,0.6485207907885173,0.5633406617756928,0.09085619015351612
5.25,0.6545084971874736,0.569899924293897,0.08847344846492583
5.26,0.6604718049036047,0.5752856783198868,0.10130452458620971
5.2700000000000005,0.6664097722614933,0.5827367436299626,0.09332495518994169
5.28,0.6723214615872586,0.5892914855235768,0.08232434215552922
5.29,0.6782059393566254,0.5961472168543652,0.07671795680882591
5.3,0.6840622763423387,0.6025971746586813,0.0839343155464
5.3100000000000005,0.6898895477609007,0.6064803824051513,0.1017994480402282
5.32,0.6956868334186015,0.6112140557574072,0.11963158963051516
5.33,0.7014532178568312,0.6183842014400598,0.09689889933439481
5.34,0.7071877904966419,0.6247728017065415,0.08994738479349977
5.3500000000000005,0.7128896457825367,0.6324843624279686,0.07363731000741278
5.36,0.7185578833254664,0.6382993179865033,0.08729042903330342
5.37,0.7241916080450161,0.6426541529473923,0.09054818931459248
5.38,0.7297899303107436,0.6499294323370914,0.08034923774490893
5.39,0.7353519660826661,0.655369016141753,0.08492089286280347
5.4,0.7408768370508578,0.66093698010923,0.09328835161673871
5.41,0.7463636707741457,0.6682641753439814,0.0753561512787463
5.42,0.7518116008178803,0.6731539488506791,0.09374772886835513
5.43,0.7572197668907528,0.6808808822429886,0.06128665671006604
5.44,0.7625873149806479,0.6849844858137928,0.09246453815953554
5.45,0.7679133974894983,0.6903377387788291,0.09480464482696133
5.46,0.7731971733671342,0.6974808340550931,0.0737657878508731
5.47,0.7784378082440937,0.7031356303891636,0.07667719525296536
5.48,0.7836344745633784,0.7083102896313233,0.08734569647446744
5.49,0.7887863517111336,0.7144171305605933,0.06423525604062302
5.5,0.7938926261462365,0.7204053516105419,0.07798662734455904
5.51,0.7989524915287594,0.7258166547551521,0.07836193091107035
5.5200000000000005,0.8039651488473027,0.730221748912995,0.08091841745985418
5.53,0.8089298065451672,0.734262154508738,0.08717410858549342
5.54,0.8138456806453502,0.7411077824876341,0.07543731757167565
5.55,0.8187119948743447,0.7465502850502647,0.07468169996201775
5.5600000000000005,0.8235279807847222,0.7537133818866382,0.057582776926910016
5.57,0.8282928778764784,0.7581576481726969,0.08221263832600703
5.58,0.8330059337171257,0.7621237829191265,0.08474589041401381
5.59,0.8376664040605122,0.7685586143334989,0.06878451337540432
5.6000000000000005,0.8422735529643446,0.7731959559430379,0.07057662998248862
5.61,0.8468266529064025,0.7792030919063352,0.05896402380983884
5.62,0.8513249848994247,0.7851407345072319,0.05348924113527249
5.63,0.8557678386046425,0.7898894402666877,0.0559832017511971
5.64,0.8601545124439532,0.7953948205014337,0.06018450588819969
5.65,0.8644843137107059,0.7996668699184538,0.07515378200260842
5.66,0.8687565586790869,0.8069611728210658,0.04590037351332199
5.67,0.872970572712091,0.8117225126698404,0.05186691593343431
5.68,0.8771256903680515,0.8163142895159753,0.05853263834451018
5.69,0.8812212555057239,0.8193631999080249,0.07133434692255496
5.7,0.8852566213878946,0.8271012987220983,0.04383765708688071
5.71,0.8892311507835116,0.8289319364123178,0.06911768082465598
5.72,0.8931442160683092,0.8349661716545268,0.054990702676418875
5.73,0.8969951993239178,0.8384723997820857,0.0607682068465466
5.74,0.9007834924354381,0.8444527700025856,0.03644634486272106
5.75,0.9045084971874736,0.8490687307692513,0.0404306284686405
5.76,0.9081696253585919,0.8547263172470612,0.03165969659684842
5.7700000000000005,0.9117662988142137,0.8576139323943354,0.05860285648283041
5.78,0.9152979495979063,0.8621452713831976,0.04551603427152207
5.79,0.9187640200210709,0.8663334873202259,0.0514665935170653
5.8,0.9221639627510074,0.8692540920580223,0.062481191051250724
5.8100000000000005,0.9254972408973461,0.8721913456833439,0.06705891248306851
5.82,0.9287633280968263,0.8785016226512158,0.038119057347192176
5.83,0.9319617085964176,0.8831475853429174,0.03158687344705478
5.84,0.9350918773347627,0.8881406425457301,0.018995257653358164
5.8500000000000005,0.938153340021932,0.88964765062168,0.04459133330057548
5.86,0.9411456132174767,0.896117637841443,0.027705534851787932
5.87,0.9440682244067723,0.8996060406118257,0.027475276394766053
5.88,0.9469207120756318,0.9037026198138054,0.035593643583553665
5.89,0.9497026257831853,0.905018168251169,0.052003844203767594
5.9,0.9524135262330098,0.9087477664944736,0.04887300076184076
5.91,0.9550529853424978,0.9138283031718517,0.029677683412189404
5.92,0.9576205863104588,0.9165646265450855,0.03466753180600508
5.93,0.960115923682935,0.9207769792112738,0.01961456770395885
5.94,0.962538603417229,0.9231016497518317,0.0345670698763865
5.95,0.9648882429441257,0.9276886674065427,0.025922059145236372
5.96,0.9671644712283058,0.9317581769107465,0.010580072810170213
5.97,0.9693669288269369,0.9323083728248147,0.04198215091005974
5.98,0.9714952679464324,0.9366887243696103,0.022355446637941954
5.99,0.9735491524973721,0.9397835398045863,0.022379787015703888
6,0.9755282581475768,0.9450786248774932,-0.0048691625572556615
6.01,0.9774322723733215,0.9457802606563073,0.030278415669604267
6.0200000000000005,0.9792608945086879,0.948557143743263,0.021916191537429238
6.03,0.9810138357930429,0.9509587178184116,0.017900619233649512
6.04,0.9826908194166369,0.9556036039616479,-0.0010765128455615149
6.05,0.9842915805643155,0.9557762999013346,0.02569821984490594
6.0600000000000005,0.985815866457337,0.9610973122400419,-0.004315315176038552
6.07,0.9872634363932886,0.9624778461112417,0.019262416637581048
6.08,0.9886340617840967,0.9665086828638345,-0.00738158123578286
6.09,0.9899275261921234,0.9669547420452695,0.011671414754926512
6.1000000000000005,0.9911436253643444,0.9683194790543977,0.02306414557557563
6.11,0.9922821672646027,0.9735932820989847,-0.01174865737457471
6.12,0.993342972103934,0.9740462223147265,0.006934138009813344
6.13,0.994325872368957,0.9749377147946017,0.013240116905298723
6.140000000000001,0.9952307128483256,0.9771442214007895,0.013743018405714319
6.15,0.996057350657239,0.9787537758208302,-0.0006144648962530218
6.16,0.9968056552600042,0.9833266229361938,-0.022612419373217476
6.17,0.9974755084906501,0.9805236960117094,0.026365546950387547
6.18,0.9980668045715861,0.9841309125765417,-0.00002990407141236981
6.19,0.9985794501303069,0.9838477301712341,0.021691508319979333
6.2,0.9990133642141358,0.9877689769602277,-0.017473565209363957
6.21,0.9993684783030088,0.9892015920673545,-0.0232213747876394
6.22,0.9996447363202946,0.9911885663713627,-0.01966184658406811
6.23,0.99984209464165,0.9939611498108188,-0.0266946463193185
6.24,0.9999605221019081,0.9932994904632176,-0.0025973596045646245
6.25,1,0.995424448213594,-0.021094836573294386
6.26,0.9999605221019081,0.9948478870327114,-0.01402331040611961
6.2700000000000005,0.99984209464165,0.9960623289924919,-0.008716950712362007
6.28,0.9996447363202946,0.9973655793122274,-0.01645873891782938
6.29,0.9993684783030088,0.9983934485054813,-0.021198895315602918
6.3,0.9990133642141358,0.9981304651037604,-0.012573862928494384
6.3100000000000005,0.9985794501303069,0.9989687710050897,-0.01685478722455497
6.32,0.9980668045715861,0.9981342151521894,-0.0055903854095083715
6.33,0.9974755084906501,1.0010508540959469,-0.022317724654462204
6.34,0.9968056552600042,1.0021820987134404,-0.037625117575427997
6.3500000000000005,0.9960573506572389,1.0020533696889895,-0.023641695347569804
6.36,0.9952307128483255,1.001400505746412,-0.02779557950674734
6.37,0.9943258723689571,1.0009036043175419,-0.019702716006127084
6.38,0.993342972103934,1.0011244968171573,-0.01890990964344659
6.390000000000001,0.9922821672646026,1.0025854178098434,-0.03957483382044122
6.4,0.9911436253643443,1.0022624126227075,-0.0350404772163512
6.41,0.9899275261921234,1.0008299145365334,-0.023275614825499592
6.42,0.9886340617840969,1.0021817242098783,-0.04080772887696486
6.43,0.9872634363932886,1.000794791762856,-0.03403782002674245
6.44,0.9858158664573369,1.0015816087827223,-0.046365626325517495
6.45,0.9842915805643155,1.0027574111565796,-0.05019088506649484
6.46,0.982690819416637,1.0008642668212309,-0.04058817029691361
6.47,0.9810138357930429,1.0015848513205807,-0.05670768678315119
6.48,0.979260894508688,0.9981592921323487,-0.024870530899477817
6.49,0.9774322723733214,0.9988596307732114,-0.03927261411687168
6.5,0.9755282581475768,0.9976380469027517,-0.0411118191286675
6.51,0.9735491524973723,0.9963220679993027,-0.03725591896712946
6.5200000000000005,0.9714952679464323,0.9964010999085078,-0.05905856033472393
6.53,0.9693669288269372,0.9948765969459678,-0.04864229718628706
6.54,0.9671644712283061,0.9926591161905899,-0.040046810136813604
6.55,0.9648882429441259,0.9915339785583521,-0.04276441808342958
6.5600000000000005,0.962538603417229,0.9905950021901945,-0.05188163025831187
6.57,0.9601159236829353,0.9910355944184497,-0.0667921854427781
6.58,0.9576205863104587,0.9880626622358705,-0.04731776096215289
6.59,0.9550529853424978,0.984706821823022,-0.04047395761314859
6.6000000000000005,0.9524135262330096,0.9850491028558721,-0.057213045205753696
6.61,0.9497026257831855,0.9839030955381225,-0.05707379959060972
6.62,0.946920712075632,0.9816680239844616,-0.053760644383033455
6.63,0.9440682244067722,0.9801766326772487,-0.06792411830422834
6.640000000000001,0.9411456132174764,0.9779947690143238,-0.06171099847217992
6.65,0.9381533400219317,0.9771135349581813,-0.07671386588162503
6.66,0.935091877334763,0.9744812960989866,-0.06629888896609994
6.67,0.931961708596418,0.9735755325693363,-0.07744311843608433
6.68,0.9287633280968262,0.9696263856710812,-0.05177340929594182
6.69,0.9254972408973456,0.9670801528052971,-0.05742522217378285
6.7,0.9221639627510075,0.964877639822687,-0.05947865643456293
6.71,0.918764020021071,0.9628365611706731,-0.07079001290014114
6.72,0.9152979495979062,0.9618179518524965,-0.081078304983445
6.73,0.9117662988142139,0.9574947837351186,-0.0625188500521078
6.74,0.9081696253585918,0.9534889071687954,-0.05761088607303784
6.75,0.9045084971874737,0.9535370171826073,-0.0870896193131198
6.76,0.9007834924354385,0.9502328220501394,-0.07807367618469525
6.7700000000000005,0.8969951993239177,0.9469633683504995,-0.07616041016465853
6.78,0.8931442160683097,0.9451495001752999,-0.08336002851502486
6.79,0.8892311507835117,0.9395195296798197,-0.05189472708094542
6.8,0.8852566213878948,0.936229075646572,-0.06046508990607157
6.8100000000000005,0.8812212555057238,0.9358767797538493,-0.08483805861497754
6.82,0.8771256903680521,0.9327691167578265,-0.08948825123822528
6.83,0.8729705727120909,0.9281860359779766,-0.07154270711118767
6.84,0.8687565586790871,0.9250807359929027,-0.07952565450430125
6.8500000000000005,0.8644843137107054,0.9219701692737057,-0.0934380922713945
6.86,0.8601545124439535,0.9184552589059961,-0.0771989770400516
6.87,0.855767838604643,0.9131538169548916,-0.07480336485363392
6.88,0.8513249848994245,0.9093406221371578,-0.06777135132246369
6.890000000000001,0.8468266529064021,0.9070139236149383,-0.08832161335293964
6.9,0.8422735529643441,0.9018502293771223,-0.07335810717767728
6.91,0.8376664040605124,0.9005183886481293,-0.09939304841627122
6.92,0.8330059337171263,0.8965345642593439,-0.0882076107661027
6.93,0.8282928778764783,0.891567584737581,-0.07593418008334135
6.94,0.8235279807847218,0.8901245937144278,-0.10956063966051455
6.95,0.8187119948743449,0.8844180081812962,-0.09857105879748974
6.96,0.8138456806453506,0.8790563707239128,-0.07705379016014358
6.97,0.8089298065451671,0.8761039983957819,-0.09800390428835175
6.98,0.803965148847303,0.8725220977690262,-0.09902483094891366
6.99,0.7989524915287592,0.8675390441054894,-0.08660614622750479
7,0.7938926261462367,0.8624903168870415,-0.08672004968669295
7.01,0.7887863517111342,0.8587775444824359,-0.08728020912849281
7.0200000000000005,0.7836344745633783,0.8541952130260829,-0.09801973545633225
7.03,0.7784378082440944,0.8486113252589667,-0.07306590733706007
7.04,0.7731971733671346,0.8452029318555516,-0.09433490715625166
7.05,0.7679133974894986,0.8398559352844571,-0.09157072870552238
7.0600000000000005,0.7625873149806477,0.8371620036475673,-0.10751089664806038
7.07,0.7572197668907534,0.8306537096181349,-0.09103528702894209
7.08,0.7518116008178801,0.8260539248191248,-0.09835836253074054
7.09,0.7463636707741459,0.8209051021856626,-0.09219127705255474
7.1000000000000005,0.7408768370508574,0.8176786402085064,-0.11090743686571816
7.11,0.7353519660826663,0.8106811022612747,-0.09221415586979084
7.12,0.7297899303107442,0.8089453331289206,-0.10751429778332391
7.13,0.724191608045016,0.8024432076560398,-0.10262474121930874
7.140000000000001,0.718557883325466,0.7949861838077598,-0.07868010273365393
7.15,0.7128896457825362,0.791777505602449,-0.10509881247227808
7.16,0.7071877904966423,0.7880710842537375,-0.11602536486606774
7.17,0.7014532178568319,0.78269032124135,-0.1048431612094669
7.18,0.6956868334186013,0.7759783163298853,-0.09892025281047268
7.19,0.6898895477609002,0.7716074342856113,-0.10956596374567673
7.2,0.684062276342339,0.766850637970447,-0.11028852547273597
7.21,0.6782059393566258,0.7611594611086283,-0.10758348734179272
7.22,0.6723214615872584,0.753556545978101,-0.07710056017346939
7.23,0.6664097722614936,0.7505440663890679,-0.10470960023444018
7.24,0.6604718049036046,0.7438883232247515,-0.10992123811834914
7.25,0.654508497187474,0.738580003669287,-0.10651664796306144
7.26,0.648520790788518,0.7328574540799544,-0.0911832649118082
7.2700000000000005,0.6425096312349882,0.7275491532951812,-0.1023757323398723
7.28,0.6364759677586631,0.7207947177018038,-0.10431087962392986
7.29,0.6304207531449484,0.7150902505089018,-0.09913354258493311
7.3,0.6243449435824278,0.7100431368990707,-0.1021290634238832
7.3100000000000005,0.6182494985118622,0.7045498991655542,-0.10775352030717324
7.32,0.6121353804746908,0.6984337796333248,-0.09924100364201496
7.33,0.6060035549610271,0.6924721867866722,-0.10046568364676374
7.34,0.5998549902572037,0.6847235339588521,-0.08308918834834955
7.3500000000000005,0.593690657292862,0.6809671261921743,-0.10545019655134583
7.36,0.5875115294876381,0.6738461791932775,-0.10127763263809343
7.37,0.5813185825974422,0.6697619563998914,-0.10821032851238546
7.38,0.5751127945603784,0.6625924983950011,-0.1069903190586067
7.390000000000001,0.5688951453423184,0.6574057040542298,-0.11379635820942993
7.4,0.5626666167821519,0.6511148994634267,-0.10356459190863097
7.41,0.556428192436741,0.6455878892628528,-0.10657098651544877
7.42,0.5501808574256081,0.6394885022276263,-0.10526931895077661
7.43,0.5439255982753717,0.6323009392204688,-0.09322000098012835
7.44,0.537663402763966,0.6270616973201388,-0.11086454374880797
7.45,0.5313952597646567,0.6210811783292957,-0.09727364167885917
7.46,0.5251221590898851,0.6156721703171097,-0.1159804783370812
7.47,0.5188450913349671,0.6091767734539165,-0.10789514898720427
7.48,0.512565047721669,0.6053413683313393,-0.12456566172976748
7.49,0.5062830199416761,0.5971190015402186,-0.10149059894803712
7.5,0.5000000000000002,0.5904862454651582,-0.0998962796537768
7.51,0.49371698005832426,0.5854544164270161,-0.11103056403597998
7.5200000000000005,0.48743495227833133,0.5801886284120368,-0.12099508693292763
7.53,0.4811549086650332,0.5732950889175863,-0.1056486478467421
7.54,0.4748778409101152,0.5649151231200269,-0.0849671350077295
7.55,0.46860474023534365,0.5604648899900412,-0.11054272897244852
7.5600000000000005,0.4623365972360335,0.5557101148149993,-0.1182892767041625
7.57,0.45607440172462865,0.5465815761364939,-0.08925484899550803
7.58,0.4498191425743923,0.5398109489606157,-0.09603778979210835
7.59,0.4435718075632593,0.535681258997608,-0.11315440351980897
7.6000000000000005,0.43733338321784754,0.5305210084803947,-0.12182384709236728
7.61,0.431104854657681,0.5227590181309133,-0.10796427896319832
7.62,0.4248872054396219,0.5161563687459475,-0.09567514312365746
7.63,0.41868141740255815,0.508217488401044,-0.09031197278404614
7.640000000000001,0.4124884705123614,0.50281451071007,-0.09903870919016954
7.65,0.40630934270713753,0.4953653477257553,-0.08544446998092402
7.66,0.4001450097427967,0.490656878527419,-0.09878490549738694
7.67,0.3939964450389733,0.48500065773348106,-0.10137592220493456
7.68,0.38786461952530954,0.479041501167195,-0.10642183502486434
7.69,0.3817505014881373,0.4708139699957552,-0.0950002823557057
7.7,0.37565505641757263,0.46485450573152254,-0.09097246141761488
7.71,0.36957924685505195,0.4583732532908845,-0.08592160360330156
7.72,0.3635240322413373,0.45279989479654914,-0.09456365277515737
7.73,0.3574903687650122,0.4473148153474037,-0.10627803354466403
7.74,0.35147920921148235,0.4389512802342708,-0.08582232639433206
7.75,0.3454915028125265,0.4348885118367801,-0.10987269945922758
7.76,0.3395281950963958,0.42820639959364215,-0.1073341445097054
7.7700000000000005,0.3335902277385068,0.4225702620455408,-0.09585783396272947
7.78,0.3276785384127419,0.4158186242154452,-0.09209772565303712
7.79,0.3217940606433746,0.4099914901442761,-0.0910896894840931
7.8,0.3159377236576614,0.40220717748056967,-0.08290237593394811
7.8100000000000005,0.31011045223909933,0.396456405945323,-0.0923857574041348
7.82,0.30431316658139906,0.39016032596637706,-0.08542950496114804
7.83,0.29854678214316843,0.38596400243956,-0.10268101975401171
7.84,0.29281220950335807,0.3787739389169626,-0.08437088863984649
7.8500000000000005,0.28711035421746334,0.373152430003304,-0.08554629104964251
7.86,0.28144211667453356,0.36708417218013584,-0.09574644605863816
7.87,0.2758083919549843,0.3609909991714535,-0.0906981685812129
7.88,0.270210069689256,0.3534497906250561,-0.06876751242673128
7.890000000000001,0.26464803391733327,0.3479930126689943,-0.09053548173563124
7.9,0.2591231629491422,0.3413262217172474,-0.07252987178002192
7.91,0.25363632922585444,0.3353274450235176,-0.07531682073748944
7.92,0.2481883991821201,0.3321768107427673,-0.10542104760687575
7.930000000000001,0.2427802331092469,0.32465298308750923,-0.08422089572991018
7.94,0.2374126850193518,0.31921660775648963,-0.08757636987602319
7.95,0.23208660251050173,0.3137958653255164,-0.08073661899280266
7.96,0.22680282663286577,0.3067780703465541,-0.07373783156648062
7.97,0.2215621917559059,0.3026387473129639,-0.09395501775811155
7.98,0.21636552543662202,0.29619670901363654,-0.07078878762387539
7.99,0.21121364828886602,0.29023750499077006,-0.07974604606579662
8,0.2061073738537636,0.28470275839375625,-0.08400908477173841
8.01,0.20104750847124103,0.2774923522505886,-0.05787200868709916
8.02,0.19603485115269736,0.27409180322914767,-0.08770732721317374
8.03,0.19107019345483323,0.2674057502291314,-0.07241692986316396
8.040000000000001,0.18615431935464977,0.2616175546687491,-0.07608196780786468
8.05,0.18128800512565474,0.2553649641441338,-0.06470124707251342
8.06,0.17647201921527778,0.25130658312130677,-0.0716080376297859
8.07,0.17170712212352196,0.24771730423751812,-0.0864381278672947
8.08,0.166994066282874,0.24094915461040495,-0.07280820511215405
8.09,0.16233359593948793,0.23495421701545216,-0.06688641758505907
8.1,0.15772644703565608,0.23013748777237253,-0.07283033153796395
8.11,0.1531733470935982,0.22354993342256493,-0.048300413732680035
8.120000000000001,0.14867501510057507,0.21974880156129514,-0.06907870176460966
8.13,0.14423216139535727,0.21345902295721084,-0.06540284002059263
8.14,0.1398454875560462,0.21059088652053642,-0.0805868459215143
8.15,0.1355156862892941,0.20362371529625403,-0.06291746915782899
8.16,0.1312434413209132,0.19917377362716665,-0.05618047452529886
8.17,0.12702942728790934,0.19336514607006772,-0.05087150729021885
8.18,0.12287430963194818,0.18788654139671487,-0.05761385187493343
8.19,0.11877874449427639,0.1853957978478608,-0.060417137933573575
8.2,0.11474337861210598,0.1789195599715141,-0.05880120963961747
8.21,0.110768849216488,0.17304953760845135,-0.0387393355632086
8.22,0.10685578393169048,0.16937801414213172,-0.058288615974810776
8.23,0.10300480067608253,0.16423769215503783,-0.04904301369529221
8.24,0.09921650756456163,0.16027025962704508,-0.044838863600108664
8.25,0.09549150281252639,0.1542031427424877,-0.047706807412332575
8.26,0.09183037464140836,0.15266566549482452,-0.06734712201659786
8.27,0.08823370118578633,0.14690281218957604,-0.050544738173811415
8.28,0.08470205040209394,0.14132675445429882,-0.03310124673415801
8.290000000000001,0.08123597997892912,0.13878878238439257,-0.06433509188374877
8.3,0.07783603724899218,0.13462228972892507,-0.04873168083231477
8.31,0.07450275910265403,0.1287437829365135,-0.036956328903527125
8.32,0.07123667190317401,0.12482482807811897,-0.0343182465537882
8.33,0.06803829140358225,0.12185226995124003,-0.05513219061703658
8.34,0.06490812266523727,0.11740604396537155,-0.042201917347897605
8.35,0.061846659978068486,0.11292633228322989,-0.03492771780352286
8.36,0.058854386782523804,0.1085399030055434,-0.0388779980591778
8.370000000000001,0.05593177559322754,0.10540976947673611,-0.03185346042389047
8.38,0.05307928792436811,0.10192662113136407,-0.03454376386148768
8.39,0.05029737421681424,0.09606185374948122,-0.019513115948229215
8.4,0.047586473766990156,0.09360361662366752,-0.02987796553493177
8.41,0.04494701465750228,0.09165714664170742,-0.04678235490620819
8.42,0.042379413689541456,0.08620221316812833,-0.026631637453624946
8.43,0.039884076317064865,0.08178717194182179,-0.014319668277406765
8.44,0.0374613965827712,0.08130585517408362,-0.045094727521320724
8.45,0.03511175705587466,0.07709920606532893,-0.0283227825801316
8.46,0.03283552877169382,0.07349263261095017,-0.022888589011513548
8.47,0.03063307117306291,0.07117649267833275,-0.028535471046452855
8.48,0.02850473205356785,0.06619055923688971,-0.007086811423727845
8.49,0.026450847502627828,0.06499549084751823,-0.03991147267108565
8.5,0.02447174185242329,0.06167257551313233,-0.022650813484519406
8.51,0.02256772762667869,0.05731536948324006,-0.007880647219578514
8.52,0.020739105491312082,0.056203737964659356,-0.02996831747954507
8.53,0.0189861642069572,0.054561198572766006,-0.026073728753486007
8.540000000000001,0.01730918058336306,0.04839693376479175,0.003951735296882187
8.55,0.015708419435684295,0.04874088483103254,-0.027502984965751723
8.56,0.014184133542663013,0.04417403539862785,-0.0036218142501294424
8.57,0.012736563606711493,0.041794735056777665,-0.004669667665551252
8.58,0.011365938215903204,0.04101959117545143,-0.02491225243176135
8.59,0.010072473807876625,0.03834451987893385,-0.016059101152990897
8.6,0.00885637463565575,0.03464885799631331,0.005222481726479437
8.61,0.007717832735397501,0.03147582140830575,0.006876575246677275
8.620000000000001,0.00665702789606587,0.0282102078756058,0.012276111572746704
8.63,0.005674127631042969,0.02965924799946546,-0.013813322019923692
8.64,0.004769287151674295,0.02643846772815849,-0.007872545686778124
8.65,0.003942649342761062,0.024822908578251684,-0.001957843255117081
8.66,0.0031943447399958025,0.022975336736722644,0.0051323447545823415
8.67,0.0025244915093499687,0.020390421074496196,0.0034890046753605353
8.68,0.001933195428413803,0.01937531417029385,-0.0013055559847735473
8.69,0.0014205498696930885,0.017699930809796798,0.007975485166884344
8.700000000000001,0.000986635785864165,0.016680376223118572,-0.002524285830449252
8.71,0.0006315216969912107,0.013474331573818913,0.019319920000024783
8.72,0.00035526367970539763,0.014363237466609231,-0.003428146100018639
8.73,0.00015790535835003006,0.011595295363429623,0.012647459142598207
8.74,0.00003947789809194413,0.010917783506213526,0.010409116554252848
8.75,0,0.011646529823236093,-0.0040336578514800145
8.76,0.00003947789809194413,0.008965629305272352,0.015821521699239116
8.77,0.00015790535835003006,0.006818759383814767,0.020258362121431308
8.78,0.0003552636797053421,0.006805585822454506,0.011135988172724688
8.790000000000001,0.0006315216969912663,0.007008696748512797,0.01016040158984529
8.8,0.000986635785864276,0.00582775843113799,0.015371172343633964
8.81,0.001420549869693033,0.005689871201256596,0.017817306541730502
8.82,0.0019331954284137476,0.003056491542695231,0.03624422959239526
8.83,0.0025244915093499687,0.004540157733895569,0.015612686219867427
8.84,0.0031943447399958025,0.003278074294721339,0.022083896784938863
8.85,0.0039426493427610065,0.0008418958765645137,0.04822300025839467
8.86,0.00476928715167424,0.0004277846531866715,0.035641903523864524
8.870000000000001,0.00567412763104308,0.0025464965263826567,0.01789783902512253
8.88,0.006657027896065981,0.002471555596976251,0.030292024928948044
8.89,0.00771783273539739,0.0010496936830511113,0.04106978129522901
8.9,0.008856374635655695,0.0020621170641871942,0.024920165245790108
8.91,0.010072473807876514,0.0021624021439438923,0.03059509299700597
8.92,0.011365938215903149,0.002197230950425926,0.03165114365678788
8.93,0.012736563606711382,0.0016731126155105167,0.042334714842489775
8.94,0.014184133542662902,0.004394305835368532,0.021364454473733377
8.950000000000001,0.01570841943568463,0.002792112608369289,0.040405609302758466
8.96,0.01730918058336317,0.0030024666045839034,0.045620569224940136
8.97,0.01898616420695709,0.0037827175295089307,0.04444765879018604
8.98,0.02073910549131197,0.005092371236254342,0.04029373649820689
8.99,0.02256772762667858,0.005112747672854814,0.03927369752020417
9,0.024471741852423123,0.005595155104588005,0.04969739238672881
9.01,0.02645084750262766,0.008039215606628543,0.0330555660960842
9.02,0.02850473205356774,0.008790770301729693,0.04676628219847851
9.03,0.030633071173062798,0.00679521259420135,0.06308382358289187
9.040000000000001,0.03283552877169399,0.01090827499128404,0.04743628739363501
9.05,0.03511175705587449,0.011526725267823867,0.05092731420095943
9.06,0.037461396582771034,0.013100138663677272,0.04266722699195917
9.07,0.0398840763170647,0.01214982286337303,0.07289685178477559
9.08,0.04237941368954129,0.01731780371976109,0.03440475324533024
9.09,0.04494701465750206,0.018703723855539995,0.029566836360632648
9.1,0.04758647376698999,0.019119734434465366,0.06091544144534916
9.11,0.05029737421681407,0.020452051618828033,0.05942587647681174
9.120000000000001,0.05307928792436828,0.023309176040572897,0.05384814967062837
9.13,0.05593177559322776,0.02280450113406131,0.06713041546892856
9.14,0.05885438678252358,0.02651803025621621,0.05409289946361538
9.15,0.061846659978068264,0.02664541812322223,0.08057255291724069
9.16,0.06490812266523704,0.030130167873905097,0.060021635795556305
9.17,0.06803829140358203,0.03233111859191397,0.06531282779739656
9.18,0.07123667190317379,0.03320115037366361,0.06632080297314026
9.19,0.0745027591026538,0.0368977838076116,0.06572432709290421
9.200000000000001,0.0778360372489929,0.03900903004082193,0.05924179412462406
9.21,0.0812359799789294,0.0405682864126283,0.07091505898418478
9.22,0.08470205040209372,0.0422452904048226,0.07475446428933986
9.23,0.0882337011857861,0.046787100335951876,0.06066239559406991
9.24,0.09183037464140814,0.047454451389529764,0.07984129842634424
9.25,0.09549150281252616,0.052146609730009424,0.05671591270099518
9.26,0.09921650756456135,0.0524036444217742,0.09120825042060768
9.27,0.10300480067608225,0.05625708263913686,0.07294934456572548
9.28,0.10685578393169026,0.060514247041917005,0.0661104351429579
9.290000000000001,0.11076884921648827,0.06259577528220304,0.07556486422640345
9.3,0.1147433786121057,0.06460629220988946,0.08407266148218089
9.31,0.11877874449427611,0.06911947145120885,0.07613744871375525
9.32,0.1228743096319479,0.07354917194318694,0.06307422976598705
9.33,0.12702942728790906,0.07510974675015268,0.0865288951403208
9.34,0.13124344132091292,0.07852123821029415,0.07903015811170687
9.35,0.13551568628929384,0.08191962168020965,0.07794255911628221
9.36,0.13984548755604587,0.08582006140348787,0.08148653947397622
9.370000000000001,0.1442321613953576,0.08875783061477216,0.09521695547411232
9.38,0.1486750151005754,0.09199400683533732,0.0870060225488001
9.39,0.15317334709359787,0.0966641131563119,0.07619616284875347
9.4,0.15772644703565575,0.09864056681046372,0.10133790510856494
9.41,0.1623335959394876,0.10232305146527872,0.0899071202198692
9.42,0.16699406628287372,0.10666329968014866,0.08748237449003468
9.43,0.17170712212352168,0.1104296335101097,0.0861484727413577
9.44,0.17647201921527744,0.11530654287200168,0.08031480758973933
9.450000000000001,0.1812880051256558,0.11882912157285778,0.08871773448986922
9.46,0.1861543193546501,0.12345832199688253,0.0957205473040296
9.47,0.1910701934548329,0.1282486532119559,0.08544285692325906
9.48,0.19603485115269703,0.13147572335191993,0.09475884016802524
9.49,0.2010475084712407,0.13601550522547745,0.09648343912448021
9.5,0.20610737385376326,0.1432963601487137,0.06503378237241188
9.51,0.21121364828886569,0.14602504735622468,0.08466665822579823
9.52,0.21636552543662163,0.1507277924597943,0.08673984980790742
9.53,0.22156219175590558,0.15415259459251535,0.10119264243698818
9.540000000000001,0.22680282663286544,0.15741270144963454,0.11623585165880329
9.55,0.23208660251050212,0.16422054127369445,0.07850581280103801
9.56,0.2374126850193522,0.16772973175156994,0.10382217603922712
9.57,0.2427802331092465,0.17353496745919794,0.09284434541840272
9.58,0.24818839918211977,0.17945457836238107,0.07186313276538936
9.59,0.25363632922585405,0.18160961892206282,0.10915676077175593
9.6,0.25912316294914184,0.18808253392158628,0.08606675266994242
9.61,0.2646480339173328,0.19015248945835767,0.11630302990868574
9.620000000000001,0.2702100696892564,0.19739457085276088,0.09613086549729781
9.63,0.27580839195498386,0.20131417399935306,0.10026740888657698
9.64,0.281442116674534,0.20627585513133717,0.10483052340433659
9.65,0.2871103542174638,0.2143939161049778,0.07345754237026862
9.66,0.2928122095033577,0.21669734735118482,0.11565649538828685
9.67,0.2985467821431681,0.22121542263416796,0.10551404478512041
9.68,0.3043131665813986,0.2282554848449605,0.08647533092543844
9.69,0.31011045223909894,0.2333417197138143,0.09918775953510578
9.700000000000001,0.3159377236576618,0.23957142113325408,0.09053344602892123
9.71,0.32179406064337507,0.24109074648154333,0.13351395370211622
9.72,0.3276785384127415,0.24823090371350803,0.10563556107236928
9.73,0.33359022773850633,0.2542254525909889,0.09484942156532647
9.74,0.3395281950963954,0.25811494868928486,0.11782384738633939
9.75,0.34549150281252605,0.26397171068408676,0.10696462077804167
9.76,0.3514792092114819,0.2703936303498102,0.10419564861958394
9.77,0.35749036876501183,0.27805220323447905,0.0828841842681032
9.78,0.3635240322413369,0.2830270861039354,0.09531186152096643
9.790000000000001,0.3695792468550515,0.28734121773786797,0.11051572898148149
9.8,0.3756550564175731,0.2934991707759851,0.09776101767181429
9.81,0.3817505014881377,0.2983428768909679,0.10803516374918098
9.82,0.3878646195253091,0.30448421633965755,0.11516686523856037
9.83,0.39399644503897285,0.3093769915900381,0.10966632768773638
9.84,0.4001450097427963,0.3159790619841053,0.11281691850949586
9.85,0.4063093427071371,0.32318970329315067,0.09432968761568364
9.86,0.412488470512361,0.32902630946158407,0.10262411996329499
9.870000000000001,0.4186814174025586,0.3340190879264771,0.10458162124358575
9.88,0.4248872054396215,0.33986557825550684,0.11301798417284872
9.89,0.43110485465768145,0.3461283250608986,0.10543915384638639
9.9,0.437333383217848,0.3523081474844486,0.10224300141360361
9.91,0.44357180756325887,0.3585694855808299,0.09901533938187577
9.92,0.4498191425743919,0.36338681039549336,0.11685987083750012
9.93,0.45607440172462826,0.3682514743495436,0.11578065874664974
9.94,0.4623365972360331,0.37637735860779575,0.10157469775438781
9.950000000000001,0.46860474023534415,0.3839358232985438,0.08491910125762159
9.96,0.47487784091011565,0.3883977503351385,0.11149530073144573
9.97,0.48115490866503274,0.3968732014832275,0.08065576307638918
9.98,0.4874349522783309,0.4000165610349344,0.11194497280450895
9.99,0.4937169800583238,0.40911504904202245,0.08827055719359134
10,0.4999999999999998,0.4113731060575554,0.1252652583976545