Index,I0,I1,I2
0.000,0,-0.04565951744094491,0.6302017916234098
0.010,10,0.11831258988608326,12
0.020,10,3.1267417544817455,-12
0.030,10,0.02425601349251499,12
0.040,10,3.0048555588033095,-12
0.050,10,-0.04576741304009728,12
0.060,10,2.885627244308649,-12
0.070,10,-0.17638890743726898,12
0.080,10,2.7800097865499014,-12
0.090,10,-0.3290715267393514,12
0.100,10,2.6675370385437525,-12
0.110,10,-0.4117390384344516,12
0.120,10,2.615252798907655,-12
0.130,10,-0.516931010897269,12
0.140,10,2.4380501684467517,-12
0.150,10,-0.5205056382433869,12
0.160,10,2.4342199938113347,-12
0.170,10,-0.6198649372989673,12
0.180,10,2.3939915741578885,-12
0.190,10,-0.7370050771651363,12
0.200,10,2.3559581838786117,-12
0.210,10,-0.7423977248097529,12
0.220,10,2.291514341429018,-12
0.230,10,-0.8557864132331436,12
0.240,10,2.2057911310939136,-12
0.250,10,-0.8744350620161276,12
0.260,10,2.1900602612007414,-12
0.270,10,-0.8731939034566873,12
0.280,10,2.120186918827209,-12
0.290,10,-0.9189511910252564,12
0.300,10,2.023445857467415,-12
0.310,10,-1.0696171905079728,12
0.320,10,1.966874530426902,-12
0.330,10,-1.1297400779532862,12
0.340,10,1.949321458920869,-12
0.350,10,-1.1161814923816615,12
0.360,10,1.9214573999591817,-12
0.370,10,-1.152982615153072,12
0.380,10,1.8882512551242865,-12
0.390,10,-1.2496297719054454,12
0.400,10,1.881772037290373,-12
0.410,10,-1.1663816770726192,12
0.420,10,1.843662588200599,-12
0.430,10,-1.2191485651566936,12
0.440,10,1.8612401156194531,-12
0.450,10,-1.2696165771613694,12
0.460,10,1.853912994514955,-12
0.470,10,-1.2888888948847748,12
0.480,10,1.8024626524051228,-12
0.490,10,-1.29986824011771,12
0.500,10,1.767723734629608,-12
0.510,10,-1.2799334801918683,12
0.520,10,1.7923051208847303,-12
0.530,10,-1.4261662057683073,12
0.540,10,1.7342287398922553,-12
0.550,10,-1.3354612712456593,12
0.560,10,1.7197225045625808,-12
0.570,10,-1.336308412696832,12
0.580,10,1.7188880654649665,-12
0.590,10,-1.3128601828090687,12
0.600,10,1.637573455833898,-12
0.610,10,-1.3701045669024532,12
0.620,10,1.696515076724526,-12
0.630,10,-1.3265387687334187,12
0.640,10,1.6696728462838808,-12
0.650,10,-1.4526937794502446,12
0.660,10,1.6726667124305432,-12
0.670,10,-1.4251874677545533,12
0.680,10,1.644332103535937,-12
0.690,10,-1.4616870540343816,12
0.700,10,1.6246462669772836,-12
0.710,10,-1.367239955968577,12
0.720,10,1.6556368206874614,-12
0.730,10,-1.401885117857293,12
0.740,10,1.6733682180621823,-12
0.750,10,-1.3982850607075836,12
0.760,10,1.613711201801647,-12
0.770,10,-1.4613220148950223,12
0.780,10,1.5773346974635991,-12
0.790,10,-1.5141796220305086,12
0.800,10,1.665218972688762,-12
0.810,10,-1.4823848174847027,12
0.820,10,1.5799732632293417,-12
0.830,10,-1.5136126298596513,12
0.840,10,1.5853504420675884,-12
0.850,10,-1.4017597585470745,12
0.860,10,1.581585683055548,-12
0.870,10,-1.4438709153744422,12
0.880,10,1.6225454456399053,-12
0.890,10,-1.432955041212483,12
0.900,10,1.587157482358229,-12
0.910,10,-1.4235566333002692,12
0.920,10,1.5772019459057183,-12
0.930,10,-1.5051505439357564,12
0.940,10,1.5612780476754862,-12
0.950,10,-1.52600673607984,12
0.960,10,1.515620094771247,-12
0.970,10,-1.5721246063300385,12
0.980,10,1.6014211075795315,-12
0.990,10,-1.46716461063515,12
1.000,10,1.5004315950699425,-12
1.010,10,-1.5450080530441135,12
1.020,10,1.5608354400669564,-12
1.030,10,-1.5416540227103206,12
1.040,10,1.6187642218058553,-12
1.050,10,-1.5426155893062716,12
1.060,10,1.5522956781491182,-12
1.070,10,-1.4708054919423301,12
1.080,10,1.5693913848982382,-12
1.090,10,-1.493104681626987,12
1.100,10,1.5439631046900746,-12
1.110,10,-1.5263852022540956,12
1.120,10,1.5301166330166862,-12
1.130,10,-1.5407120200546904,12
1.140,10,1.5986063439535374,-12
1.150,10,-1.513776536406896,12
1.160,10,1.526643013223312,-12
1.170,10,-1.5313176438567742,12
1.180,10,1.5674318712616069,-12
1.190,10,-1.5383643101654907,12
1.200,10,1.6241772139867285,-12
1.210,10,-1.5505868001636727,12
1.220,10,1.5897742740089609,-12
1.230,10,-1.5388717701619945,12
1.240,10,1.5630184300452332,-12
1.250,10,-1.5084395946377054,12
1.260,10,1.5298962073332578,-12
1.270,10,-1.5514004098897927,12
1.280,10,1.559381896865147,-12
1.290,10,-1.5435984843305686,12
1.300,10,1.542147996284449,-12
1.310,10,-1.5679226500584993,12
1.320,10,1.5727070503125546,-12
1.330,10,-1.5219636553359666,12
1.340,10,1.5357368435907532,-12
1.350,10,-1.5529774225761248,12
1.360,10,1.600700273842924,-12
1.370,10,-1.4425663214250801,12
1.380,10,1.5303556082811036,-12
1.390,10,-1.5623186915090248,12
1.400,10,1.543362201192057,-12
1.410,10,-1.544849974400746,12
1.420,10,1.5139211256576386,-12
1.430,10,-1.4472669393458073,12
1.440,10,1.477249547375234,-12
1.450,10,-1.491029612275787,12
1.460,10,1.5536720435570033,-12
1.470,10,-1.4885136426239869,12
1.480,10,1.561221444898131,-12
1.490,10,-1.5372789674480247,12
1.500,10,1.5318761536148386,-12
1.510,10,-1.563128757353573,12
1.520,10,1.5749202655626726,-12
1.530,10,-1.5074957537041649,12
1.540,10,1.537397199454548,-12
1.550,10,-1.5885212315933543,12
1.560,10,1.5112369112062982,-12
1.570,10,-1.5633949480475993,12
1.580,10,1.6043711464451125,-12
1.590,10,-1.4471025599208953,12
1.600,10,1.5040105592232664,-12
1.610,10,-1.584680120935455,12
1.620,10,1.46924189998602,-12
1.630,10,-1.5754033923165072,12
1.640,10,1.5922128508485431,-12
1.650,10,-1.513042826463561,12
1.660,10,1.5574064612421996,-12
1.670,10,-1.5013932080952066,12
1.680,10,1.4818665119956214,-12
1.690,10,-1.5137400622996426,12
1.700,10,1.510719510920651,-12
1.710,10,-1.4737530639186551,12
1.720,10,1.5669483979775565,-12
1.730,10,-1.548499807688624,12
1.740,10,1.5871074130978593,-12
1.750,10,-1.5468514235583393,12
1.760,10,1.4905269547468176,-12
1.770,10,-1.5735046465998765,12
1.780,10,1.5235416323109325,-12
1.790,10,-1.5451730759255788,12
1.800,10,1.5473840903989775,-12
1.810,10,-1.5162034820211718,12
1.820,10,1.5136215581479096,-12
1.830,10,-1.5109511469023302,12
1.840,10,1.489371451627642,-12
1.850,10,-1.4847013464994498,12
1.860,10,1.6110167324411198,-12
1.870,10,-1.5387522096730637,12
1.880,10,1.5147511006183452,-12
1.890,10,-1.483477313260183,12
1.900,10,1.4500184749050955,-12
1.910,10,-1.5207644975498655,12
1.920,10,1.5627705885489556,-12
1.930,10,-1.6091805115844828,12
1.940,10,1.5144509036870517,-12
1.950,10,-1.5065392226814778,12
1.960,10,1.4947224224414957,-12
1.970,10,-1.4802542495688529,12
1.980,10,1.5661913478300171,-12
1.990,10,-1.5609350035261917,12
2.000,10,1.522737922600663,-12
2.010,10,-1.5141382469217122,12
2.020,10,1.4245501491006782,-12
2.030,10,-1.54401540353462,12
2.040,10,1.5075654682908721,-12
2.050,10,-1.5657989800509318,12
2.060,10,1.5077598510178383,-12
2.070,10,-1.5766495831198732,12
2.080,10,1.486583129657383,-12
2.090,10,-1.501338141357052,12
2.100,10,1.5678237732434357,-12
2.110,10,-1.4155660666796843,12
2.120,10,1.5332956841975602,-12
2.130,10,-1.5004292143583744,12
2.140,10,1.4699739697749483,-12
2.150,10,-1.4616096261691984,12
2.160,10,1.5895660163434984,-12
2.170,10,-1.5013321660291419,12
2.180,10,1.5279885696132465,-12
2.190,10,-1.5849512824973364,12
2.200,10,1.5718308989340102,-12
2.210,10,-1.5422362575239266,12
2.220,10,1.566618498779677,-12
2.230,10,-1.4910014258278916,12
2.240,10,1.4725511555380753,-12
2.250,10,-1.4926809742846245,12
2.260,10,1.54237358272585,-12
2.270,10,-1.4907760557036376,12
2.280,10,1.5581462027481952,-12
2.290,10,-1.4888050763763299,12
2.300,10,1.5739180283236982,-12
2.310,10,-1.519466141773369,12
2.320,10,1.5446629716949345,-12
2.330,10,-1.6061737697708793,12
2.340,10,1.5333252847457766,-12
2.350,10,-1.5469601057843123,12
2.360,10,1.5324292081467086,-12
2.370,10,-1.5639339991885515,12
2.380,10,1.529442282649729,-12
2.390,10,-1.5040694254025428,12
2.400,10,1.540941150654681,-12
2.410,10,-1.434047863016472,12
2.420,10,1.4746130511691196,-12
2.430,10,-1.5082073603392816,12
2.440,10,1.5052355862840188,-12
2.450,10,-1.5493541507440998,12
2.460,10,1.5060117122878662,-12
2.470,10,-1.5122708011889427,12
2.480,10,1.574996283541867,-12
2.490,10,-1.5042080032898792,12
2.500,10,1.572834852239156,-12
2.510,10,-1.5204752413236726,12
2.520,10,1.5776448021710927,-12
2.530,10,-1.5214486965367422,12
2.540,10,1.5206032696238598,-12
2.550,10,-1.5348928721371706,12
2.560,10,1.5266656795287152,-12
2.570,10,-1.559445548346315,12
2.580,10,1.5438230999893972,-12
2.590,10,-1.5364438018864846,12
2.600,10,1.5164159933102828,-12
2.610,10,-1.5529719492810177,12
2.620,10,1.578256316649018,-12
2.630,10,-1.5840903983429926,12
2.640,10,1.5646693004174308,-12
2.650,10,-1.4816575172287083,12
2.660,10,1.5440506075546463,-12
2.670,10,-1.4959847554319792,12
2.680,10,1.4641439517963881,-12
2.690,10,-1.579768376095216,12
2.700,10,1.5309786280645477,-12
2.710,10,-1.4363192840131713,12
2.720,10,1.5642657831011626,-12
2.730,10,-1.5010655587051833,12
2.740,10,1.5570366294710196,-12
2.750,10,-1.5516304269316565,12
2.760,10,1.544415181057159,-12
2.770,10,-1.5124915340304934,12
2.780,10,1.5516524631736042,-12
2.790,10,-1.5403054984491003,12
2.800,10,1.4999085254197129,-12
2.810,10,-1.4504348588475775,12
2.820,10,1.5547529604005694,-12
2.830,10,-1.53904264814862,12
2.840,10,1.5619640064379072,-12
2.850,10,-1.513322953909648,12
2.860,10,1.542940687396068,-12
2.870,10,-1.570013949392615,12
2.880,10,1.53290181774756,-12
2.890,10,-1.5442930047069363,12
2.900,10,1.4740300760028064,-12
2.910,10,-1.5324816124009084,12
2.920,10,1.5178287246287054,-12
2.930,10,-1.557690986877006,12
2.940,10,1.48119292958065,-12
2.950,10,-1.582617322006377,12
2.960,10,1.47405700757269,-12
2.970,10,-1.5631488163178426,12
2.980,10,1.5679633042105485,-12
2.990,10,-1.56527470013669,12
3.000,10,1.5795077811122036,-12
3.010,10,-1.5609896240485217,12
3.020,10,1.5753517651408013,-12
3.030,10,-1.5414648930633932,12
3.040,10,1.5413486878746576,-12
3.050,10,-1.5627111558554694,12
3.060,10,1.452319018439144,-12
3.070,10,-1.5552852834534026,12
3.080,10,1.5061159678252516,-12
3.090,10,-1.5902972967566154,12
3.100,10,1.5208589178196634,-12
3.110,10,-1.60405132725267,12
3.120,10,1.6125709026711559,-12
3.130,10,-1.548107720310879,12
3.140,10,1.5269408466181889,-12
3.150,10,-1.5153815154273047,12
3.160,10,1.5285406354025317,-12
3.170,10,-1.5210956627962888,12
3.180,10,1.5685614748937997,-12
3.190,10,-1.494985460583629,12
3.200,10,1.4529933649497813,-12
3.210,10,-1.5531038222765245,12
3.220,10,1.4921558916374438,-12
3.230,10,-1.5689051084853989,12
3.240,10,1.5645979159395131,-12
3.250,10,-1.5789883825726887,12
3.260,10,1.4886181120715363,-12
3.270,10,-1.4439590744836974,12
3.280,10,1.5980176835343443,-12
3.290,10,-1.564321162154596,12
3.300,10,1.5601809600268224,-12
3.310,10,-1.4501401048726397,12
3.320,10,1.4891889533439284,-12
3.330,10,-1.446419887963688,12
3.340,10,1.5094053253848798,-12
3.350,10,-1.568715663182073,12
3.360,10,1.5308335963964566,-12
3.370,10,-1.530456594177892,12
3.380,10,1.5615287965763531,-12
3.390,10,-1.4897816414167717,12
3.400,10,1.5794561391615347,-12
3.410,10,-1.6143941459271574,12
3.420,10,1.5514236681265399,-12
3.430,10,-1.5430191962501745,12
3.440,10,1.475075208616695,-12
3.450,10,-1.5365008879671063,12
3.460,10,1.5464143232411858,-12
3.470,10,-1.5654047101795232,12
3.480,10,1.5349393523509627,-12
3.490,10,-1.5391934183171077,12
3.500,10,1.5562039914264325,-12
3.510,10,-1.5096228776482064,12
3.520,10,1.5624772336999055,-12
3.530,10,-1.5029574868681332,12
3.540,10,1.5611608811377773,-12
3.550,10,-1.5369329161402667,12
3.560,10,1.5127322019074068,-12
3.570,10,-1.5640970189649506,12
3.580,10,1.4702136874536673,-12
3.590,10,-1.5182379022512438,12
3.600,10,1.4955312373101552,-12
3.610,10,-1.5300612639665159,12
3.620,10,1.5596064747700227,-12
3.630,10,-1.4871072327389352,12
3.640,10,1.4976382715414196,-12
3.650,10,-1.4861000687878503,12
3.660,10,1.5237629345125339,-12
3.670,10,-1.4885022105570906,12
3.680,10,1.5051418827511946,-12
3.690,10,-1.4469972764262002,12
3.700,10,1.529510017864048,-12
3.710,10,-1.52695475587462,12
3.720,10,1.4873273658402664,-12
3.730,10,-1.5276322494738312,12
3.740,10,1.6049109435047915,-12
3.750,10,-1.53794924208248,12
3.760,10,1.483283177706099,-12
3.770,10,-1.5661195186194812,12
3.780,10,1.5939575803634671,-12
3.790,10,-1.566257456790123,12
3.800,10,1.532491757498746,-12
3.810,10,-1.5532765561401822,12
3.820,10,1.5683722053776106,-12
3.830,10,-1.5549766878130513,12
3.840,10,1.4906547218852957,-12
3.850,10,-1.522169674384895,12
3.860,10,1.5277686362617993,-12
3.870,10,-1.5290209341528382,12
3.880,10,1.4720024353215524,-12
3.890,10,-1.4914880492511937,12
3.900,10,1.5194227392825377,-12
3.910,10,-1.53681524197074,12
3.920,10,1.559337955329868,-12
3.930,10,-1.5164958686560488,12
3.940,10,1.5289023120388,-12
3.950,10,-1.5339431655558724,12
3.960,10,1.5630653527821934,-12
3.970,10,-1.6013126060015956,12
3.980,10,1.5128063412473978,-12
3.990,10,-1.5724973532887572,12
4.000,10,1.5104524071875727,-12